Customer ID,Recency,Frequency,Monetary,Last_Order_Date,R_Score,F_Score,M_Score,RFM_Score,RFM_Total,Segment,Churn Risk
CUST-0424,24,18,3908.47,2024-12-08,4,4,4,444,12,Champions,Low Risk
CUST-0390,41,16,2879.98,2024-11-21,4,4,4,444,12,Champions,Low Risk
CUST-0069,16,18,2860.53,2024-12-16,4,4,4,444,12,Champions,Low Risk
CUST-0826,24,16,2701.81,2024-12-08,4,4,4,444,12,Champions,Low Risk
CUST-0659,27,16,2675.58,2024-12-05,4,4,4,444,12,Champions,Low Risk
CUST-0426,44,12,2443.3,2024-11-18,4,4,4,444,12,Champions,Low Risk
CUST-0114,34,12,2396.7000000000003,2024-11-28,4,4,4,444,12,Champions,Low Risk
CUST-0428,7,16,2206.4,2024-12-25,4,4,4,444,12,Champions,Low Risk
CUST-0292,35,12,2084.77,2024-11-27,4,4,4,444,12,Champions,Low Risk
CUST-0190,6,15,2075.23,2024-12-26,4,4,4,444,12,Champions,Low Risk
CUST-0887,25,14,1888.44,2024-12-07,4,4,4,444,12,Champions,Low Risk
CUST-0462,11,12,1868.99,2024-12-21,4,4,4,444,12,Champions,Low Risk
CUST-0240,19,13,1853.18,2024-12-13,4,4,4,444,12,Champions,Low Risk
CUST-0066,5,8,1851.79,2024-12-27,4,4,4,444,12,Champions,Low Risk
CUST-0325,4,10,1834.96,2024-12-28,4,4,4,444,12,Champions,Low Risk
CUST-0126,3,15,1774.53,2024-12-29,4,4,4,444,12,Champions,Low Risk
CUST-0385,6,13,1708.0,2024-12-26,4,4,4,444,12,Champions,Low Risk
CUST-0216,41,7,1684.64,2024-11-21,4,4,4,444,12,Champions,Low Risk
CUST-0286,18,9,1682.34,2024-12-14,4,4,4,444,12,Champions,Low Risk
CUST-0890,24,11,1654.95,2024-12-08,4,4,4,444,12,Champions,Low Risk
CUST-0419,5,7,1638.89,2024-12-27,4,4,4,444,12,Champions,Low Risk
CUST-0139,6,10,1616.13,2024-12-26,4,4,4,444,12,Champions,Low Risk
CUST-0193,11,10,1574.59,2024-12-21,4,4,4,444,12,Champions,Low Risk
CUST-0166,17,9,1573.07,2024-12-15,4,4,4,444,12,Champions,Low Risk
CUST-0371,2,10,1570.42,2024-12-30,4,4,4,444,12,Champions,Low Risk
CUST-0536,41,8,1547.25,2024-11-21,4,4,4,444,12,Champions,Low Risk
CUST-0881,30,14,1544.85,2024-12-02,4,4,4,444,12,Champions,Low Risk
CUST-0305,21,14,1540.72,2024-12-11,4,4,4,444,12,Champions,Low Risk
CUST-0178,24,8,1488.4,2024-12-08,4,4,4,444,12,Champions,Low Risk
CUST-0210,16,11,1487.05,2024-12-16,4,4,4,444,12,Champions,Low Risk
CUST-0142,33,9,1486.09,2024-11-29,4,4,4,444,12,Champions,Low Risk
CUST-0875,25,8,1481.73,2024-12-07,4,4,4,444,12,Champions,Low Risk
CUST-0229,17,7,1470.68,2024-12-15,4,4,4,444,12,Champions,Low Risk
CUST-0447,1,9,1383.68,2024-12-31,4,4,4,444,12,Champions,Low Risk
CUST-0153,1,11,1381.08,2024-12-31,4,4,4,444,12,Champions,Low Risk
CUST-0712,2,6,1373.64,2024-12-30,4,4,4,444,12,Champions,Low Risk
CUST-0149,36,9,1368.85,2024-11-26,4,4,4,444,12,Champions,Low Risk
CUST-0640,46,13,1327.7,2024-11-16,4,4,4,444,12,Champions,Low Risk
CUST-0521,40,8,1314.91,2024-11-22,4,4,4,444,12,Champions,Low Risk
CUST-0266,15,9,1307.51,2024-12-17,4,4,4,444,12,Champions,Low Risk
CUST-0226,2,7,1289.72,2024-12-30,4,4,4,444,12,Champions,Low Risk
CUST-0568,2,8,1286.49,2024-12-30,4,4,4,444,12,Champions,Low Risk
CUST-0846,33,7,1271.95,2024-11-29,4,4,4,444,12,Champions,Low Risk
CUST-0592,4,9,1266.13,2024-12-28,4,4,4,444,12,Champions,Low Risk
CUST-0213,7,9,1233.85,2024-12-25,4,4,4,444,12,Champions,Low Risk
CUST-0169,1,7,1208.51,2024-12-31,4,4,4,444,12,Champions,Low Risk
CUST-0196,24,8,1181.42,2024-12-08,4,4,4,444,12,Champions,Low Risk
CUST-0241,10,7,1179.56,2024-12-22,4,4,4,444,12,Champions,Low Risk
CUST-0551,13,8,1167.79,2024-12-19,4,4,4,444,12,Champions,Low Risk
CUST-0682,22,9,1137.57,2024-12-10,4,4,4,444,12,Champions,Low Risk
CUST-0794,41,6,1123.22,2024-11-21,4,4,4,444,12,Champions,Low Risk
CUST-0249,13,8,1121.04,2024-12-19,4,4,4,444,12,Champions,Low Risk
CUST-0498,10,8,1075.88,2024-12-22,4,4,4,444,12,Champions,Low Risk
CUST-0098,39,8,1061.13,2024-11-23,4,4,4,444,12,Champions,Low Risk
CUST-0725,23,8,1059.92,2024-12-09,4,4,4,444,12,Champions,Low Risk
CUST-0809,38,11,1037.06,2024-11-24,4,4,4,444,12,Champions,Low Risk
CUST-0262,17,8,1035.3,2024-12-15,4,4,4,444,12,Champions,Low Risk
CUST-0635,16,6,1019.96,2024-12-16,4,4,4,444,12,Champions,Low Risk
CUST-0345,39,7,1015.54,2024-11-23,4,4,4,444,12,Champions,Low Risk
CUST-0534,24,6,1002.57,2024-12-08,4,4,4,444,12,Champions,Low Risk
CUST-0010,27,7,985.7,2024-12-05,4,4,4,444,12,Champions,Low Risk
CUST-0784,37,7,983.46,2024-11-25,4,4,4,444,12,Champions,Low Risk
CUST-0220,22,10,982.42,2024-12-10,4,4,4,444,12,Champions,Low Risk
CUST-0664,39,8,964.01,2024-11-23,4,4,4,444,12,Champions,Low Risk
CUST-0543,22,7,957.68,2024-12-10,4,4,4,444,12,Champions,Low Risk
CUST-0793,24,9,956.81,2024-12-08,4,4,4,444,12,Champions,Low Risk
CUST-0491,37,9,946.71,2024-11-25,4,4,4,444,12,Champions,Low Risk
CUST-0849,6,10,934.6,2024-12-26,4,4,4,444,12,Champions,Low Risk
CUST-0343,51,15,2610.66,2024-11-11,3,4,4,344,11,Loyal Customers,Low Risk
CUST-0237,84,11,2589.36,2024-10-09,3,4,4,344,11,Loyal Customers,Low Risk
CUST-0256,84,14,2467.83,2024-10-09,3,4,4,344,11,Loyal Customers,Low Risk
CUST-0597,52,10,2300.12,2024-11-10,3,4,4,344,11,Loyal Customers,Low Risk
CUST-0662,79,7,2090.98,2024-10-14,3,4,4,344,11,Loyal Customers,Low Risk
CUST-0765,51,14,2019.42,2024-11-11,3,4,4,344,11,Loyal Customers,Low Risk
CUST-0227,87,11,1915.28,2024-10-06,3,4,4,344,11,Loyal Customers,Low Risk
CUST-0039,86,10,1895.62,2024-10-07,3,4,4,344,11,Loyal Customers,Low Risk
CUST-0299,59,10,1893.61,2024-11-03,3,4,4,344,11,Loyal Customers,Low Risk
CUST-0160,98,10,1875.88,2024-09-25,3,4,4,344,11,Loyal Customers,Low Risk
CUST-0205,87,9,1789.91,2024-10-06,3,4,4,344,11,Loyal Customers,Low Risk
CUST-0331,88,7,1718.55,2024-10-05,3,4,4,344,11,Loyal Customers,Low Risk
CUST-0188,75,11,1700.05,2024-10-18,3,4,4,344,11,Loyal Customers,Low Risk
CUST-0095,105,10,1686.64,2024-09-18,3,4,4,344,11,Loyal Customers,Low Risk
CUST-0157,47,10,1658.42,2024-11-15,3,4,4,344,11,Loyal Customers,Low Risk
CUST-0277,49,7,1621.53,2024-11-13,3,4,4,344,11,Loyal Customers,Low Risk
CUST-0177,72,13,1572.89,2024-10-21,3,4,4,344,11,Loyal Customers,Low Risk
CUST-0063,7,6,1545.38,2024-12-25,4,3,4,434,11,Loyal Customers,Low Risk
CUST-0159,79,8,1487.54,2024-10-14,3,4,4,344,11,Loyal Customers,Low Risk
CUST-0165,90,9,1485.93,2024-10-03,3,4,4,344,11,Loyal Customers,Low Risk
CUST-0858,64,9,1466.52,2024-10-29,3,4,4,344,11,Loyal Customers,Low Risk
CUST-0254,60,10,1416.5,2024-11-02,3,4,4,344,11,Loyal Customers,Low Risk
CUST-0634,23,4,1405.73,2024-12-09,4,3,4,434,11,Loyal Customers,Low Risk
CUST-0884,80,7,1405.28,2024-10-13,3,4,4,344,11,Loyal Customers,Low Risk
CUST-0350,7,5,1388.15,2024-12-25,4,3,4,434,11,Loyal Customers,Low Risk
CUST-0828,100,7,1378.57,2024-09-23,3,4,4,344,11,Loyal Customers,Low Risk
CUST-0738,58,8,1366.87,2024-11-04,3,4,4,344,11,Loyal Customers,Low Risk
CUST-0082,24,6,1360.3000000000002,2024-12-08,4,3,4,434,11,Loyal Customers,Low Risk
CUST-0815,40,4,1350.81,2024-11-22,4,3,4,434,11,Loyal Customers,Low Risk
CUST-0758,49,6,1344.09,2024-11-13,3,4,4,344,11,Loyal Customers,Low Risk
CUST-0595,52,9,1337.02,2024-11-10,3,4,4,344,11,Loyal Customers,Low Risk
CUST-0357,8,6,1335.31,2024-12-24,4,3,4,434,11,Loyal Customers,Low Risk
CUST-0898,104,8,1335.31,2024-09-19,3,4,4,344,11,Loyal Customers,Low Risk
CUST-0714,107,8,1332.59,2024-09-16,3,4,4,344,11,Loyal Customers,Low Risk
CUST-0090,95,10,1332.37,2024-09-28,3,4,4,344,11,Loyal Customers,Low Risk
CUST-0684,124,10,1329.3,2024-08-30,3,4,4,344,11,Loyal Customers,Low Risk
CUST-0396,56,12,1314.98,2024-11-06,3,4,4,344,11,Loyal Customers,Low Risk
CUST-0403,103,9,1300.29,2024-09-20,3,4,4,344,11,Loyal Customers,Low Risk
CUST-0719,25,5,1281.03,2024-12-07,4,3,4,434,11,Loyal Customers,Low Risk
CUST-0083,47,8,1277.76,2024-11-15,3,4,4,344,11,Loyal Customers,Low Risk
CUST-0414,43,6,1270.18,2024-11-19,4,3,4,434,11,Loyal Customers,Low Risk
CUST-0304,6,6,1265.95,2024-12-26,4,3,4,434,11,Loyal Customers,Low Risk
CUST-0431,58,7,1258.69,2024-11-04,3,4,4,344,11,Loyal Customers,Low Risk
CUST-0752,5,5,1258.6,2024-12-27,4,3,4,434,11,Loyal Customers,Low Risk
CUST-0475,8,6,1241.55,2024-12-24,4,3,4,434,11,Loyal Customers,Low Risk
CUST-0844,54,6,1240.94,2024-11-08,3,4,4,344,11,Loyal Customers,Low Risk
CUST-0653,84,8,1231.69,2024-10-09,3,4,4,344,11,Loyal Customers,Low Risk
CUST-0553,48,10,1227.41,2024-11-14,3,4,4,344,11,Loyal Customers,Low Risk
CUST-0721,61,9,1222.2,2024-11-01,3,4,4,344,11,Loyal Customers,Low Risk
CUST-0373,63,10,1212.55,2024-10-30,3,4,4,344,11,Loyal Customers,Low Risk
CUST-0121,119,12,1199.13,2024-09-04,3,4,4,344,11,Loyal Customers,Low Risk
CUST-0832,68,9,1194.29,2024-10-25,3,4,4,344,11,Loyal Customers,Low Risk
CUST-0706,72,9,1182.95,2024-10-21,3,4,4,344,11,Loyal Customers,Low Risk
CUST-0614,28,4,1177.23,2024-12-04,4,3,4,434,11,Loyal Customers,Low Risk
CUST-0845,101,12,1173.84,2024-09-22,3,4,4,344,11,Loyal Customers,Low Risk
CUST-0899,10,4,1165.61,2024-12-22,4,3,4,434,11,Loyal Customers,Low Risk
CUST-0691,103,9,1165.42,2024-09-20,3,4,4,344,11,Loyal Customers,Low Risk
CUST-0514,5,5,1161.26,2024-12-27,4,3,4,434,11,Loyal Customers,Low Risk
CUST-0472,69,7,1148.76,2024-10-24,3,4,4,344,11,Loyal Customers,Low Risk
CUST-0023,118,9,1135.55,2024-09-05,3,4,4,344,11,Loyal Customers,Low Risk
CUST-0779,18,5,1102.27,2024-12-14,4,3,4,434,11,Loyal Customers,Low Risk
CUST-0827,12,5,1101.93,2024-12-20,4,3,4,434,11,Loyal Customers,Low Risk
CUST-0088,90,10,1060.0700000000002,2024-10-03,3,4,4,344,11,Loyal Customers,Low Risk
CUST-0318,34,6,1044.3,2024-11-28,4,3,4,434,11,Loyal Customers,Low Risk
CUST-0621,105,8,1016.01,2024-09-18,3,4,4,344,11,Loyal Customers,Low Risk
CUST-0334,86,7,1011.49,2024-10-07,3,4,4,344,11,Loyal Customers,Low Risk
CUST-0264,61,10,1010.54,2024-11-01,3,4,4,344,11,Loyal Customers,Low Risk
CUST-0674,85,8,1007.54,2024-10-08,3,4,4,344,11,Loyal Customers,Low Risk
CUST-0081,34,6,1007.13,2024-11-28,4,3,4,434,11,Loyal Customers,Low Risk
CUST-0397,88,7,1004.25,2024-10-05,3,4,4,344,11,Loyal Customers,Low Risk
CUST-0531,76,7,996.56,2024-10-17,3,4,4,344,11,Loyal Customers,Low Risk
CUST-0710,14,5,968.75,2024-12-18,4,3,4,434,11,Loyal Customers,Low Risk
CUST-0468,5,6,966.09,2024-12-27,4,3,4,434,11,Loyal Customers,Low Risk
CUST-0735,103,7,946.54,2024-09-20,3,4,4,344,11,Loyal Customers,Low Risk
CUST-0278,6,5,937.16,2024-12-26,4,3,4,434,11,Loyal Customers,Low Risk
CUST-0796,86,10,932.23,2024-10-07,3,4,4,344,11,Loyal Customers,Low Risk
CUST-0591,58,7,925.59,2024-11-04,3,4,4,344,11,Loyal Customers,Low Risk
CUST-0645,22,6,917.5,2024-12-10,4,4,3,443,11,Loyal Customers,Low Risk
CUST-0540,25,7,917.38,2024-12-07,4,4,3,443,11,Loyal Customers,Low Risk
CUST-0876,35,6,913.71,2024-11-27,4,4,3,443,11,Loyal Customers,Low Risk
CUST-0506,37,7,900.78,2024-11-25,4,4,3,443,11,Loyal Customers,Low Risk
CUST-0230,46,7,899.48,2024-11-16,4,4,3,443,11,Loyal Customers,Low Risk
CUST-0162,8,10,889.72,2024-12-24,4,4,3,443,11,Loyal Customers,Low Risk
CUST-0770,46,7,886.67,2024-11-16,4,4,3,443,11,Loyal Customers,Low Risk
CUST-0346,42,7,872.03,2024-11-20,4,4,3,443,11,Loyal Customers,Low Risk
CUST-0330,24,7,871.4399999999999,2024-12-08,4,4,3,443,11,Loyal Customers,Low Risk
CUST-0440,17,7,839.4300000000001,2024-12-15,4,4,3,443,11,Loyal Customers,Low Risk
CUST-0757,26,6,837.1700000000001,2024-12-06,4,4,3,443,11,Loyal Customers,Low Risk
CUST-0867,3,9,832.68,2024-12-29,4,4,3,443,11,Loyal Customers,Low Risk
CUST-0378,8,8,808.54,2024-12-24,4,4,3,443,11,Loyal Customers,Low Risk
CUST-0404,6,7,788.87,2024-12-26,4,4,3,443,11,Loyal Customers,Low Risk
CUST-0598,3,7,766.14,2024-12-29,4,4,3,443,11,Loyal Customers,Low Risk
CUST-0146,2,7,753.46,2024-12-30,4,4,3,443,11,Loyal Customers,Low Risk
CUST-0501,28,8,726.22,2024-12-04,4,4,3,443,11,Loyal Customers,Low Risk
CUST-0599,16,7,720.4499999999999,2024-12-16,4,4,3,443,11,Loyal Customers,Low Risk
CUST-0686,10,7,714.96,2024-12-22,4,4,3,443,11,Loyal Customers,Low Risk
CUST-0556,36,7,684.01,2024-11-26,4,4,3,443,11,Loyal Customers,Low Risk
CUST-0554,10,6,679.8100000000001,2024-12-22,4,4,3,443,11,Loyal Customers,Low Risk
CUST-0637,8,6,628.27,2024-12-24,4,4,3,443,11,Loyal Customers,Low Risk
CUST-0105,41,7,543.77,2024-11-21,4,4,3,443,11,Loyal Customers,Low Risk
CUST-0586,13,6,543.73,2024-12-19,4,4,3,443,11,Loyal Customers,Low Risk
CUST-0059,223,9,1885.02,2024-05-23,2,4,4,244,10,At Risk,Medium Risk
CUST-0290,253,9,1699.46,2024-04-23,2,4,4,244,10,At Risk,Medium Risk
CUST-0382,159,12,1617.7,2024-07-26,2,4,4,244,10,At Risk,Medium Risk
CUST-0005,58,6,1586.8,2024-11-04,3,3,4,334,10,Loyal Customers,Low Risk
CUST-0041,53,5,1573.75,2024-11-09,3,3,4,334,10,Loyal Customers,Low Risk
CUST-0768,109,4,1475.24,2024-09-14,3,3,4,334,10,Loyal Customers,Low Risk
CUST-0657,267,6,1412.19,2024-04-09,2,4,4,244,10,At Risk,Medium Risk
CUST-0585,144,6,1379.6799999999998,2024-08-10,2,4,4,244,10,At Risk,Medium Risk
CUST-0698,130,11,1361.42,2024-08-24,2,4,4,244,10,At Risk,Medium Risk
CUST-0616,278,8,1354.11,2024-03-29,2,4,4,244,10,At Risk,Medium Risk
CUST-0577,151,9,1313.04,2024-08-03,2,4,4,244,10,At Risk,Medium Risk
CUST-0655,287,7,1287.44,2024-03-20,2,4,4,244,10,At Risk,Medium Risk
CUST-0425,148,10,1265.48,2024-08-06,2,4,4,244,10,At Risk,Medium Risk
CUST-0433,94,5,1209.86,2024-09-29,3,3,4,334,10,Loyal Customers,Low Risk
CUST-0729,221,6,1173.21,2024-05-25,2,4,4,244,10,At Risk,Medium Risk
CUST-0329,86,4,1105.9199999999998,2024-10-07,3,3,4,334,10,Loyal Customers,Low Risk
CUST-0045,27,4,1091.13,2024-12-05,4,2,4,424,10,New Customers,Low Risk
CUST-0689,72,4,1090.35,2024-10-21,3,3,4,334,10,Loyal Customers,Low Risk
CUST-0690,160,6,1082.25,2024-07-25,2,4,4,244,10,At Risk,Medium Risk
CUST-0074,255,8,1082.05,2024-04-21,2,4,4,244,10,At Risk,Medium Risk
CUST-0128,183,9,1073.79,2024-07-02,2,4,4,244,10,At Risk,Medium Risk
CUST-0687,268,7,1051.41,2024-04-08,2,4,4,244,10,At Risk,Medium Risk
CUST-0107,70,5,1051.18,2024-10-23,3,3,4,334,10,Loyal Customers,Low Risk
CUST-0348,105,5,1012.07,2024-09-18,3,3,4,334,10,Loyal Customers,Low Risk
CUST-0049,33,4,1009.33,2024-11-29,4,2,4,424,10,New Customers,Low Risk
CUST-0797,86,4,972.78,2024-10-07,3,3,4,334,10,Loyal Customers,Low Risk
CUST-0355,126,4,958.04,2024-08-28,3,3,4,334,10,Loyal Customers,Medium Risk
CUST-0394,222,7,947.9,2024-05-24,2,4,4,244,10,At Risk,Medium Risk
CUST-0511,61,5,932.87,2024-11-01,3,3,4,334,10,Loyal Customers,Low Risk
CUST-0774,91,9,884.4,2024-10-02,3,4,3,343,10,Loyal Customers,Low Risk
CUST-0550,99,6,883.97,2024-09-24,3,4,3,343,10,Loyal Customers,Low Risk
CUST-0013,84,7,880.26,2024-10-09,3,4,3,343,10,Loyal Customers,Low Risk
CUST-0130,94,9,879.18,2024-09-29,3,4,3,343,10,Loyal Customers,Low Risk
CUST-0002,25,5,873.91,2024-12-07,4,3,3,433,10,Loyal Customers,Low Risk
CUST-0029,8,6,865.7,2024-12-24,4,3,3,433,10,Loyal Customers,Low Risk
CUST-0785,88,6,865.0699999999999,2024-10-05,3,4,3,343,10,Loyal Customers,Low Risk
CUST-0580,108,8,851.55,2024-09-15,3,4,3,343,10,Loyal Customers,Low Risk
CUST-0620,100,9,848.71,2024-09-23,3,4,3,343,10,Loyal Customers,Low Risk
CUST-0627,68,8,835.2,2024-10-25,3,4,3,343,10,Loyal Customers,Low Risk
CUST-0243,64,7,813.54,2024-10-29,3,4,3,343,10,Loyal Customers,Low Risk
CUST-0803,109,6,801.39,2024-09-14,3,4,3,343,10,Loyal Customers,Low Risk
CUST-0743,97,6,796.5699999999999,2024-09-26,3,4,3,343,10,Loyal Customers,Low Risk
CUST-0317,34,4,787.72,2024-11-28,4,3,3,433,10,Loyal Customers,Low Risk
CUST-0009,18,5,777.56,2024-12-14,4,3,3,433,10,Loyal Customers,Low Risk
CUST-0251,40,6,775.78,2024-11-22,4,3,3,433,10,Loyal Customers,Low Risk
CUST-0405,42,4,757.81,2024-11-20,4,3,3,433,10,Loyal Customers,Low Risk
CUST-0044,19,5,733.66,2024-12-13,4,3,3,433,10,Loyal Customers,Low Risk
CUST-0542,30,4,731.51,2024-12-02,4,3,3,433,10,Loyal Customers,Low Risk
CUST-0489,34,4,729.95,2024-11-28,4,3,3,433,10,Loyal Customers,Low Risk
CUST-0892,38,5,717.66,2024-11-24,4,3,3,433,10,Loyal Customers,Low Risk
CUST-0265,72,7,712.29,2024-10-21,3,4,3,343,10,Loyal Customers,Low Risk
CUST-0395,25,4,695.0,2024-12-07,4,3,3,433,10,Loyal Customers,Low Risk
CUST-0685,86,8,693.7,2024-10-07,3,4,3,343,10,Loyal Customers,Low Risk
CUST-0806,3,4,675.24,2024-12-29,4,3,3,433,10,Loyal Customers,Low Risk
CUST-0588,31,4,655.89,2024-12-01,4,3,3,433,10,Loyal Customers,Low Risk
CUST-0019,3,5,651.5899999999999,2024-12-29,4,3,3,433,10,Loyal Customers,Low Risk
CUST-0643,22,4,645.34,2024-12-10,4,3,3,433,10,Loyal Customers,Low Risk
CUST-0285,34,6,641.38,2024-11-28,4,3,3,433,10,Loyal Customers,Low Risk
CUST-0798,22,5,635.62,2024-12-10,4,3,3,433,10,Loyal Customers,Low Risk
CUST-0705,34,5,612.0500000000001,2024-11-28,4,3,3,433,10,Loyal Customers,Low Risk
CUST-0117,80,7,596.4399999999999,2024-10-13,3,4,3,343,10,Loyal Customers,Low Risk
CUST-0519,32,4,584.79,2024-11-30,4,3,3,433,10,Loyal Customers,Low Risk
CUST-0144,26,5,564.95,2024-12-06,4,3,3,433,10,Loyal Customers,Low Risk
CUST-0387,10,6,547.48,2024-12-22,4,3,3,433,10,Loyal Customers,Low Risk
CUST-0502,46,6,453.51,2024-11-16,4,4,2,442,10,Potential Loyalists,Low Risk
CUST-0124,294,9,1873.26,2024-03-13,1,4,4,144,9,At Risk,Medium Risk
CUST-0442,127,5,1604.78,2024-08-27,2,3,4,234,9,At Risk,Medium Risk
CUST-0303,121,3,1419.79,2024-09-02,3,2,4,324,9,Big Spenders,Low Risk
CUST-0038,169,5,1319.01,2024-07-16,2,3,4,234,9,At Risk,Medium Risk
CUST-0055,136,6,1304.15,2024-08-18,2,3,4,234,9,At Risk,Medium Risk
CUST-0158,167,5,1271.98,2024-07-18,2,3,4,234,9,At Risk,Medium Risk
CUST-0457,362,7,1238.75,2024-01-05,1,4,4,144,9,At Risk,Medium Risk
CUST-0062,313,7,1141.48,2024-02-23,1,4,4,144,9,At Risk,Medium Risk
CUST-0707,148,4,1113.26,2024-08-06,2,3,4,234,9,At Risk,Medium Risk
CUST-0233,118,3,1088.54,2024-09-05,3,2,4,324,9,Big Spenders,Low Risk
CUST-0661,227,5,1056.62,2024-05-19,2,3,4,234,9,At Risk,Medium Risk
CUST-0260,154,5,1027.24,2024-07-31,2,3,4,234,9,At Risk,Medium Risk
CUST-0048,125,3,1024.08,2024-08-29,3,2,4,324,9,Big Spenders,Low Risk
CUST-0499,324,7,1011.53,2024-02-12,1,4,4,144,9,At Risk,Medium Risk
CUST-0145,89,4,1005.54,2024-10-04,3,2,4,324,9,Big Spenders,Low Risk
CUST-0709,450,7,970.17,2023-10-09,1,4,4,144,9,At Risk,Medium Risk
CUST-0666,261,5,961.85,2024-04-15,2,3,4,234,9,At Risk,Medium Risk
CUST-0034,193,6,957.53,2024-06-22,2,3,4,234,9,At Risk,Medium Risk
CUST-0174,132,5,948.73,2024-08-22,2,3,4,234,9,At Risk,Medium Risk
CUST-0862,187,4,931.64,2024-06-28,2,3,4,234,9,At Risk,Medium Risk
CUST-0136,278,5,927.42,2024-03-29,2,3,4,234,9,At Risk,Medium Risk
CUST-0593,117,5,925.32,2024-09-06,3,3,3,333,9,Loyal Customers,Low Risk
CUST-0452,127,8,924.49,2024-08-27,2,4,3,243,9,At Risk,Medium Risk
CUST-0187,65,6,906.87,2024-10-28,3,3,3,333,9,Loyal Customers,Low Risk
CUST-0646,225,7,905.25,2024-05-21,2,4,3,243,9,At Risk,Medium Risk
CUST-0563,19,3,894.22,2024-12-13,4,2,3,423,9,New Customers,Low Risk
CUST-0449,89,5,886.38,2024-10-04,3,3,3,333,9,Loyal Customers,Low Risk
CUST-0300,94,4,860.4300000000001,2024-09-29,3,3,3,333,9,Loyal Customers,Low Risk
CUST-0807,67,5,858.89,2024-10-26,3,3,3,333,9,Loyal Customers,Low Risk
CUST-0032,132,8,853.41,2024-08-22,2,4,3,243,9,At Risk,Medium Risk
CUST-0279,118,5,841.55,2024-09-05,3,3,3,333,9,Loyal Customers,Low Risk
CUST-0728,58,4,838.01,2024-11-04,3,3,3,333,9,Loyal Customers,Low Risk
CUST-0054,218,7,836.48,2024-05-28,2,4,3,243,9,At Risk,Medium Risk
CUST-0407,112,6,818.37,2024-09-11,3,3,3,333,9,Loyal Customers,Low Risk
CUST-0520,49,5,814.7,2024-11-13,3,3,3,333,9,Loyal Customers,Low Risk
CUST-0479,62,6,811.96,2024-10-31,3,3,3,333,9,Loyal Customers,Low Risk
CUST-0720,144,6,801.27,2024-08-10,2,4,3,243,9,At Risk,Medium Risk
CUST-0612,254,7,792.25,2024-04-22,2,4,3,243,9,At Risk,Medium Risk
CUST-0242,72,5,784.1,2024-10-21,3,3,3,333,9,Loyal Customers,Low Risk
CUST-0342,47,5,775.18,2024-11-15,3,3,3,333,9,Loyal Customers,Low Risk
CUST-0537,204,7,774.73,2024-06-11,2,4,3,243,9,At Risk,Medium Risk
CUST-0544,96,5,766.53,2024-09-27,3,3,3,333,9,Loyal Customers,Low Risk
CUST-0546,162,6,748.37,2024-07-23,2,4,3,243,9,At Risk,Medium Risk
CUST-0740,110,5,734.86,2024-09-13,3,3,3,333,9,Loyal Customers,Low Risk
CUST-0495,264,7,734.78,2024-04-12,2,4,3,243,9,At Risk,Medium Risk
CUST-0398,55,4,731.57,2024-11-07,3,3,3,333,9,Loyal Customers,Low Risk
CUST-0810,134,6,730.1700000000001,2024-08-20,2,4,3,243,9,At Risk,Medium Risk
CUST-0672,60,4,716.32,2024-11-02,3,3,3,333,9,Loyal Customers,Low Risk
CUST-0084,57,5,711.79,2024-11-05,3,3,3,333,9,Loyal Customers,Low Risk
CUST-0813,114,5,690.61,2024-09-09,3,3,3,333,9,Loyal Customers,Low Risk
CUST-0274,42,4,690.25,2024-11-20,4,2,3,423,9,New Customers,Low Risk
CUST-0319,240,8,680.77,2024-05-06,2,4,3,243,9,At Risk,Medium Risk
CUST-0888,51,4,672.8399999999999,2024-11-11,3,3,3,333,9,Loyal Customers,Low Risk
CUST-0861,106,5,656.92,2024-09-17,3,3,3,333,9,Loyal Customers,Low Risk
CUST-0460,121,4,655.95,2024-09-02,3,3,3,333,9,Loyal Customers,Low Risk
CUST-0632,36,3,654.19,2024-11-26,4,2,3,423,9,New Customers,Low Risk
CUST-0006,23,4,628.0799999999999,2024-12-09,4,2,3,423,9,New Customers,Low Risk
CUST-0739,152,6,626.59,2024-08-02,2,4,3,243,9,At Risk,Medium Risk
CUST-0552,187,6,613.52,2024-06-28,2,4,3,243,9,At Risk,Medium Risk
CUST-0244,62,6,609.77,2024-10-31,3,3,3,333,9,Loyal Customers,Low Risk
CUST-0493,99,5,609.0,2024-09-24,3,3,3,333,9,Loyal Customers,Low Risk
CUST-0143,100,5,601.26,2024-09-23,3,3,3,333,9,Loyal Customers,Low Risk
CUST-0825,39,3,596.47,2024-11-23,4,2,3,423,9,New Customers,Low Risk
CUST-0001,47,5,582.0400000000001,2024-11-15,3,3,3,333,9,Loyal Customers,Low Risk
CUST-0337,14,3,579.91,2024-12-18,4,2,3,423,9,New Customers,Low Risk
CUST-0380,38,3,577.41,2024-11-24,4,2,3,423,9,New Customers,Low Risk
CUST-0838,71,4,577.04,2024-10-22,3,3,3,333,9,Loyal Customers,Low Risk
CUST-0138,77,6,575.28,2024-10-16,3,3,3,333,9,Loyal Customers,Low Risk
CUST-0488,65,5,572.95,2024-10-28,3,3,3,333,9,Loyal Customers,Low Risk
CUST-0368,101,4,572.91,2024-09-22,3,3,3,333,9,Loyal Customers,Low Risk
CUST-0231,58,5,569.9399999999999,2024-11-04,3,3,3,333,9,Loyal Customers,Low Risk
CUST-0822,6,3,569.4100000000001,2024-12-26,4,2,3,423,9,New Customers,Low Risk
CUST-0613,85,5,564.8199999999999,2024-10-08,3,3,3,333,9,Loyal Customers,Low Risk
CUST-0206,31,4,547.63,2024-12-01,4,2,3,423,9,New Customers,Low Risk
CUST-0238,71,5,542.5600000000001,2024-10-22,3,3,3,333,9,Loyal Customers,Low Risk
CUST-0465,50,5,535.11,2024-11-12,3,3,3,333,9,Loyal Customers,Low Risk
CUST-0110,39,3,529.1800000000001,2024-11-23,4,2,3,423,9,New Customers,Low Risk
CUST-0704,115,5,526.8499999999999,2024-09-08,3,3,3,333,9,Loyal Customers,Low Risk
CUST-0315,92,5,523.39,2024-10-01,3,3,3,333,9,Loyal Customers,Low Risk
CUST-0295,20,5,502.06,2024-12-12,4,3,2,432,9,Potential Loyalists,Low Risk
CUST-0569,123,7,493.66,2024-08-31,3,4,2,342,9,Potential Loyalists,Low Risk
CUST-0630,23,5,492.53,2024-12-09,4,3,2,432,9,Potential Loyalists,Low Risk
CUST-0464,38,4,491.98,2024-11-24,4,3,2,432,9,Potential Loyalists,Low Risk
CUST-0761,4,5,484.36,2024-12-28,4,3,2,432,9,Potential Loyalists,Low Risk
CUST-0524,27,4,483.61,2024-12-05,4,3,2,432,9,Potential Loyalists,Low Risk
CUST-0636,7,5,471.77,2024-12-25,4,3,2,432,9,Potential Loyalists,Low Risk
CUST-0225,2,5,467.66,2024-12-30,4,3,2,432,9,Potential Loyalists,Low Risk
CUST-0011,6,6,463.99,2024-12-26,4,3,2,432,9,Potential Loyalists,Low Risk
CUST-0386,8,4,326.64,2024-12-24,4,3,2,432,9,Potential Loyalists,Low Risk
CUST-0538,38,4,316.17,2024-11-24,4,3,2,432,9,Potential Loyalists,Low Risk
CUST-0175,214,4,1243.09,2024-06-01,2,2,4,224,8,Big Spenders,Medium Risk
CUST-0185,409,6,1106.91,2023-11-19,1,3,4,134,8,At Risk,Medium Risk
CUST-0391,324,5,1025.06,2024-02-12,1,3,4,134,8,At Risk,Medium Risk
CUST-0284,141,4,974.84,2024-08-13,2,2,4,224,8,Big Spenders,Medium Risk
CUST-0036,78,2,966.52,2024-10-15,3,1,4,314,8,Big Spenders,Low Risk
CUST-0896,132,5,923.74,2024-08-22,2,3,3,233,8,At Risk,Medium Risk
CUST-0004,170,6,920.5,2024-07-15,2,3,3,233,8,At Risk,Medium Risk
CUST-0530,218,5,892.61,2024-05-28,2,3,3,233,8,At Risk,Medium Risk
CUST-0182,162,5,880.26,2024-07-23,2,3,3,233,8,At Risk,Medium Risk
CUST-0644,184,4,874.01,2024-07-01,2,3,3,233,8,At Risk,Medium Risk
CUST-0821,262,4,867.59,2024-04-14,2,3,3,233,8,At Risk,Medium Risk
CUST-0723,140,5,854.05,2024-08-14,2,3,3,233,8,At Risk,Medium Risk
CUST-0548,135,4,846.25,2024-08-19,2,3,3,233,8,At Risk,Medium Risk
CUST-0100,147,5,842.85,2024-08-07,2,3,3,233,8,At Risk,Medium Risk
CUST-0677,341,6,837.1,2024-01-26,1,4,3,143,8,At Risk,Medium Risk
CUST-0802,235,5,828.3199999999999,2024-05-11,2,3,3,233,8,At Risk,Medium Risk
CUST-0377,184,5,826.6600000000001,2024-07-01,2,3,3,233,8,At Risk,Medium Risk
CUST-0040,130,5,817.8,2024-08-24,2,3,3,233,8,At Risk,Medium Risk
CUST-0715,353,6,808.84,2024-01-14,1,4,3,143,8,At Risk,Medium Risk
CUST-0767,127,4,802.59,2024-08-27,2,3,3,233,8,At Risk,Medium Risk
CUST-0483,234,5,769.27,2024-05-12,2,3,3,233,8,At Risk,Medium Risk
CUST-0886,163,4,765.56,2024-07-22,2,3,3,233,8,At Risk,Medium Risk
CUST-0829,255,5,754.5799999999999,2024-04-21,2,3,3,233,8,At Risk,Medium Risk
CUST-0276,47,3,749.07,2024-11-15,3,2,3,323,8,Potential Loyalists,Low Risk
CUST-0141,179,6,743.13,2024-07-06,2,3,3,233,8,At Risk,Medium Risk
CUST-0189,184,6,737.99,2024-07-01,2,3,3,233,8,At Risk,Medium Risk
CUST-0248,200,5,728.77,2024-06-15,2,3,3,233,8,At Risk,Medium Risk
CUST-0840,266,4,722.88,2024-04-10,2,3,3,233,8,At Risk,Medium Risk
CUST-0406,149,4,717.48,2024-08-05,2,3,3,233,8,At Risk,Medium Risk
CUST-0494,196,6,716.99,2024-06-19,2,3,3,233,8,At Risk,Medium Risk
CUST-0461,141,5,661.53,2024-08-13,2,3,3,233,8,At Risk,Medium Risk
CUST-0451,171,5,652.4300000000001,2024-07-14,2,3,3,233,8,At Risk,Medium Risk
CUST-0068,153,6,646.35,2024-08-01,2,3,3,233,8,At Risk,Medium Risk
CUST-0731,223,5,642.92,2024-05-23,2,3,3,233,8,At Risk,Medium Risk
CUST-0089,157,5,634.8100000000001,2024-07-28,2,3,3,233,8,At Risk,Medium Risk
CUST-0453,264,6,634.4300000000001,2024-04-12,2,3,3,233,8,At Risk,Medium Risk
CUST-0853,245,5,623.99,2024-05-01,2,3,3,233,8,At Risk,Medium Risk
CUST-0017,155,6,606.99,2024-07-30,2,3,3,233,8,At Risk,Medium Risk
CUST-0316,173,4,583.6299999999999,2024-07-12,2,3,3,233,8,At Risk,Medium Risk
CUST-0016,174,5,571.08,2024-07-11,2,3,3,233,8,At Risk,Medium Risk
CUST-0683,443,6,563.06,2023-10-16,1,4,3,143,8,At Risk,Medium Risk
CUST-0611,248,5,561.37,2024-04-28,2,3,3,233,8,At Risk,Medium Risk
CUST-0753,166,5,553.9200000000001,2024-07-19,2,3,3,233,8,At Risk,Medium Risk
CUST-0351,67,3,551.22,2024-10-26,3,2,3,323,8,Potential Loyalists,Low Risk
CUST-0474,150,4,547.94,2024-08-04,2,3,3,233,8,At Risk,Medium Risk
CUST-0900,152,4,547.3199999999999,2024-08-02,2,3,3,233,8,At Risk,Medium Risk
CUST-0766,166,4,542.23,2024-07-19,2,3,3,233,8,At Risk,Medium Risk
CUST-0800,63,3,525.5,2024-10-30,3,2,3,323,8,Potential Loyalists,Low Risk
CUST-0112,2,2,521.44,2024-12-30,4,1,3,413,8,New Customers,Low Risk
CUST-0669,259,4,516.0699999999999,2024-04-17,2,3,3,233,8,At Risk,Medium Risk
CUST-0109,117,5,510.42,2024-09-06,3,3,2,332,8,Potential Loyalists,Low Risk
CUST-0456,109,4,508.95,2024-09-14,3,3,2,332,8,Potential Loyalists,Low Risk
CUST-0834,206,7,508.09,2024-06-09,2,4,2,242,8,Potential Loyalists,Medium Risk
CUST-0154,94,5,506.04,2024-09-29,3,3,2,332,8,Potential Loyalists,Low Risk
CUST-0469,38,3,477.07,2024-11-24,4,2,2,422,8,New Customers,Low Risk
CUST-0775,98,5,470.16,2024-09-25,3,3,2,332,8,Potential Loyalists,Low Risk
CUST-0372,89,5,461.37,2024-10-04,3,3,2,332,8,Potential Loyalists,Low Risk
CUST-0871,52,4,460.61,2024-11-10,3,3,2,332,8,Potential Loyalists,Low Risk
CUST-0003,6,4,455.93,2024-12-26,4,2,2,422,8,New Customers,Low Risk
CUST-0500,73,4,455.88,2024-10-20,3,3,2,332,8,Potential Loyalists,Low Risk
CUST-0293,121,4,455.8,2024-09-02,3,3,2,332,8,Potential Loyalists,Low Risk
CUST-0459,82,4,440.66,2024-10-11,3,3,2,332,8,Potential Loyalists,Low Risk
CUST-0392,103,4,438.6,2024-09-20,3,3,2,332,8,Potential Loyalists,Low Risk
CUST-0219,28,3,435.63,2024-12-04,4,2,2,422,8,New Customers,Low Risk
CUST-0883,12,3,432.76,2024-12-20,4,2,2,422,8,New Customers,Low Risk
CUST-0716,45,3,430.68,2024-11-17,4,2,2,422,8,New Customers,Low Risk
CUST-0603,15,3,427.22,2024-12-17,4,2,2,422,8,New Customers,Low Risk
CUST-0427,57,4,392.84,2024-11-05,3,3,2,332,8,Potential Loyalists,Low Risk
CUST-0101,6,4,379.95,2024-12-26,4,2,2,422,8,New Customers,Low Risk
CUST-0513,77,4,376.56,2024-10-16,3,3,2,332,8,Potential Loyalists,Low Risk
CUST-0879,37,3,374.76,2024-11-25,4,2,2,422,8,New Customers,Low Risk
CUST-0708,24,3,374.47,2024-12-08,4,2,2,422,8,New Customers,Low Risk
CUST-0200,4,4,373.32,2024-12-28,4,2,2,422,8,New Customers,Low Risk
CUST-0031,5,3,370.37,2024-12-27,4,2,2,422,8,New Customers,Low Risk
CUST-0850,3,3,364.07,2024-12-29,4,2,2,422,8,New Customers,Low Risk
CUST-0245,11,3,355.87,2024-12-21,4,2,2,422,8,New Customers,Low Risk
CUST-0354,4,3,352.68,2024-12-28,4,2,2,422,8,New Customers,Low Risk
CUST-0571,20,3,346.45,2024-12-12,4,2,2,422,8,New Customers,Low Risk
CUST-0532,45,3,333.77,2024-11-17,4,2,2,422,8,New Customers,Low Risk
CUST-0204,33,4,327.95,2024-11-29,4,2,2,422,8,New Customers,Low Risk
CUST-0727,30,2,322.31,2024-12-02,4,2,2,422,8,New Customers,Low Risk
CUST-0332,111,4,314.28,2024-09-12,3,3,2,332,8,Potential Loyalists,Low Risk
CUST-0470,124,5,295.63,2024-08-30,3,3,2,332,8,Potential Loyalists,Low Risk
CUST-0633,36,2,292.67,2024-11-26,4,2,2,422,8,New Customers,Low Risk
CUST-0575,27,3,278.71,2024-12-05,4,2,2,422,8,New Customers,Low Risk
CUST-0312,16,3,276.99,2024-12-16,4,2,2,422,8,New Customers,Low Risk
CUST-0070,67,5,266.89,2024-10-26,3,3,2,332,8,Potential Loyalists,Low Risk
CUST-0203,318,4,1438.14,2024-02-18,1,2,4,124,7,Big Spenders,Medium Risk
CUST-0854,292,3,1085.98,2024-03-15,1,2,4,124,7,Big Spenders,Medium Risk
CUST-0481,72,2,924.38,2024-10-21,3,1,3,313,7,Potential Loyalists,Low Risk
CUST-0314,338,4,918.49,2024-01-29,1,3,3,133,7,At Risk,Medium Risk
CUST-0291,237,4,864.83,2024-05-09,2,2,3,223,7,Potential Loyalists,Medium Risk
CUST-0443,156,3,861.5300000000001,2024-07-29,2,2,3,223,7,Potential Loyalists,Medium Risk
CUST-0789,360,4,849.95,2024-01-07,1,3,3,133,7,At Risk,Medium Risk
CUST-0473,397,4,829.9,2023-12-01,1,3,3,133,7,At Risk,Medium Risk
CUST-0127,169,4,792.04,2024-07-16,2,2,3,223,7,Potential Loyalists,Medium Risk
CUST-0259,242,4,789.47,2024-05-04,2,2,3,223,7,Potential Loyalists,Medium Risk
CUST-0134,440,5,760.5899999999999,2023-10-19,1,3,3,133,7,At Risk,Medium Risk
CUST-0660,584,4,757.61,2023-05-28,1,3,3,133,7,At Risk,Medium Risk
CUST-0239,208,4,745.99,2024-06-07,2,2,3,223,7,Potential Loyalists,Medium Risk
CUST-0624,194,3,680.87,2024-06-21,2,2,3,223,7,Potential Loyalists,Medium Risk
CUST-0340,328,5,676.17,2024-02-08,1,3,3,133,7,At Risk,Medium Risk
CUST-0429,406,4,664.6700000000001,2023-11-22,1,3,3,133,7,At Risk,Medium Risk
CUST-0335,49,1,661.29,2024-11-13,3,1,3,313,7,Potential Loyalists,Low Risk
CUST-0582,363,4,649.97,2024-01-04,1,3,3,133,7,At Risk,Medium Risk
CUST-0250,55,2,623.72,2024-11-07,3,1,3,313,7,Potential Loyalists,Low Risk
CUST-0679,328,5,616.29,2024-02-08,1,3,3,133,7,At Risk,Medium Risk
CUST-0570,348,4,603.12,2024-01-19,1,3,3,133,7,At Risk,Medium Risk
CUST-0192,248,4,561.86,2024-04-28,2,2,3,223,7,Potential Loyalists,Medium Risk
CUST-0751,321,4,546.3199999999999,2024-02-15,1,3,3,133,7,At Risk,Medium Risk
CUST-0283,250,4,546.14,2024-04-26,2,2,3,223,7,Potential Loyalists,Medium Risk
CUST-0744,191,2,542.86,2024-06-24,2,2,3,223,7,Potential Loyalists,Medium Risk
CUST-0061,149,4,523.07,2024-08-05,2,2,3,223,7,Potential Loyalists,Medium Risk
CUST-0349,439,4,522.04,2023-10-20,1,3,3,133,7,At Risk,Medium Risk
CUST-0523,219,3,517.03,2024-05-27,2,2,3,223,7,Potential Loyalists,Medium Risk
CUST-0841,272,5,504.4,2024-04-04,2,3,2,232,7,Potential Loyalists,Medium Risk
CUST-0497,268,4,495.68,2024-04-08,2,3,2,232,7,Potential Loyalists,Medium Risk
CUST-0458,65,3,494.75,2024-10-28,3,2,2,322,7,Potential Loyalists,Low Risk
CUST-0327,238,6,474.39,2024-05-08,2,3,2,232,7,Potential Loyalists,Medium Risk
CUST-0176,196,5,469.25,2024-06-19,2,3,2,232,7,Potential Loyalists,Medium Risk
CUST-0271,97,3,462.03,2024-09-26,3,2,2,322,7,Potential Loyalists,Low Risk
CUST-0463,95,3,455.94,2024-09-28,3,2,2,322,7,Potential Loyalists,Low Risk
CUST-0741,180,5,449.48,2024-07-05,2,3,2,232,7,Potential Loyalists,Medium Risk
CUST-0503,104,3,444.32,2024-09-19,3,2,2,322,7,Potential Loyalists,Low Risk
CUST-0164,159,6,434.55,2024-07-26,2,3,2,232,7,Potential Loyalists,Medium Risk
CUST-0864,63,3,428.25,2024-10-30,3,2,2,322,7,Potential Loyalists,Low Risk
CUST-0280,74,3,427.85,2024-10-19,3,2,2,322,7,Potential Loyalists,Low Risk
CUST-0223,3,1,423.19,2024-12-29,4,1,2,412,7,New Customers,Low Risk
CUST-0814,127,4,421.66,2024-08-27,2,3,2,232,7,Potential Loyalists,Medium Risk
CUST-0824,228,5,414.16,2024-05-18,2,3,2,232,7,Potential Loyalists,Medium Risk
CUST-0619,112,2,410.04,2024-09-11,3,2,2,322,7,Potential Loyalists,Low Risk
CUST-0696,211,5,395.57,2024-06-04,2,3,2,232,7,Potential Loyalists,Medium Risk
CUST-0477,78,3,385.85,2024-10-15,3,2,2,322,7,Potential Loyalists,Low Risk
CUST-0439,160,4,381.74,2024-07-25,2,3,2,232,7,Potential Loyalists,Medium Risk
CUST-0697,131,4,377.65,2024-08-23,2,3,2,232,7,Potential Loyalists,Medium Risk
CUST-0289,23,2,374.03,2024-12-09,4,1,2,412,7,New Customers,Low Risk
CUST-0435,52,3,369.99,2024-11-10,3,2,2,322,7,Potential Loyalists,Low Risk
CUST-0617,106,2,363.21,2024-09-17,3,2,2,322,7,Potential Loyalists,Low Risk
CUST-0140,73,4,360.42,2024-10-20,3,2,2,322,7,Potential Loyalists,Low Risk
CUST-0410,21,2,360.15,2024-12-11,4,1,2,412,7,New Customers,Low Risk
CUST-0181,125,3,348.23,2024-08-29,3,2,2,322,7,Potential Loyalists,Low Risk
CUST-0485,60,3,346.0,2024-11-02,3,2,2,322,7,Potential Loyalists,Low Risk
CUST-0221,29,1,345.4,2024-12-03,4,1,2,412,7,New Customers,Low Risk
CUST-0172,272,5,337.39,2024-04-04,2,3,2,232,7,Potential Loyalists,Medium Risk
CUST-0455,83,3,328.96000000000004,2024-10-10,3,2,2,322,7,Potential Loyalists,Low Risk
CUST-0129,48,3,321.21,2024-11-14,3,2,2,322,7,Potential Loyalists,Low Risk
CUST-0769,60,2,321.04,2024-11-02,3,2,2,322,7,Potential Loyalists,Low Risk
CUST-0486,101,3,319.14,2024-09-22,3,2,2,322,7,Potential Loyalists,Low Risk
CUST-0607,84,3,318.15000000000003,2024-10-09,3,2,2,322,7,Potential Loyalists,Low Risk
CUST-0673,92,2,314.46000000000004,2024-10-01,3,2,2,322,7,Potential Loyalists,Low Risk
CUST-0028,45,2,295.28,2024-11-17,4,1,2,412,7,New Customers,Low Risk
CUST-0842,226,4,286.88,2024-05-20,2,3,2,232,7,Potential Loyalists,Medium Risk
CUST-0507,23,2,285.7,2024-12-09,4,1,2,412,7,New Customers,Low Risk
CUST-0133,107,3,275.1,2024-09-16,3,2,2,322,7,Potential Loyalists,Low Risk
CUST-0759,92,3,271.11,2024-10-01,3,2,2,322,7,Potential Loyalists,Low Risk
CUST-0413,72,3,265.68,2024-10-21,3,2,2,322,7,Potential Loyalists,Low Risk
CUST-0212,11,3,246.44,2024-12-21,4,2,1,421,7,New Customers,Low Risk
CUST-0594,35,2,240.62,2024-11-27,4,2,1,421,7,New Customers,Low Risk
CUST-0173,17,3,206.51,2024-12-15,4,2,1,421,7,New Customers,Low Risk
CUST-0179,16,3,189.46,2024-12-16,4,2,1,421,7,New Customers,Low Risk
CUST-0590,8,2,183.92,2024-12-24,4,2,1,421,7,New Customers,Low Risk
CUST-0778,17,2,174.87,2024-12-15,4,2,1,421,7,New Customers,Low Risk
CUST-0606,386,3,866.2,2023-12-12,1,2,3,123,6,Potential Loyalists,Medium Risk
CUST-0180,508,3,793.1500000000001,2023-08-12,1,2,3,123,6,Potential Loyalists,Medium Risk
CUST-0718,294,3,675.59,2024-03-13,1,2,3,123,6,Potential Loyalists,Medium Risk
CUST-0025,347,4,658.63,2024-01-20,1,2,3,123,6,Potential Loyalists,Medium Risk
CUST-0756,304,2,653.09,2024-03-03,1,2,3,123,6,Potential Loyalists,High Risk
CUST-0516,404,3,635.36,2023-11-24,1,2,3,123,6,Potential Loyalists,Medium Risk
CUST-0641,300,2,586.74,2024-03-07,1,2,3,123,6,Potential Loyalists,High Risk
CUST-0228,300,3,568.64,2024-03-07,1,2,3,123,6,Potential Loyalists,Medium Risk
CUST-0137,291,4,527.72,2024-03-16,1,2,3,123,6,Potential Loyalists,Medium Risk
CUST-0093,266,4,512.9200000000001,2024-04-10,2,2,2,222,6,Hibernating,Medium Risk
CUST-0525,145,3,510.04,2024-08-09,2,2,2,222,6,Hibernating,Medium Risk
CUST-0484,71,2,504.09,2024-10-22,3,1,2,312,6,Potential Loyalists,Low Risk
CUST-0080,207,4,489.16,2024-06-08,2,2,2,222,6,Hibernating,Medium Risk
CUST-0360,199,3,476.46,2024-06-16,2,2,2,222,6,Hibernating,Medium Risk
CUST-0602,326,4,471.78,2024-02-10,1,3,2,132,6,Potential Loyalists,Medium Risk
CUST-0678,327,5,464.82,2024-02-09,1,3,2,132,6,Potential Loyalists,Medium Risk
CUST-0202,283,3,461.26,2024-03-24,2,2,2,222,6,Hibernating,Medium Risk
CUST-0559,329,5,456.4,2024-02-07,1,3,2,132,6,Potential Loyalists,Medium Risk
CUST-0893,198,2,451.56,2024-06-17,2,2,2,222,6,Hibernating,Medium Risk
CUST-0186,86,2,441.85,2024-10-07,3,1,2,312,6,Potential Loyalists,Low Risk
CUST-0763,129,3,435.75,2024-08-25,2,2,2,222,6,Hibernating,Medium Risk
CUST-0528,313,4,432.12,2024-02-23,1,3,2,132,6,Potential Loyalists,Medium Risk
CUST-0078,202,4,425.91,2024-06-13,2,2,2,222,6,Hibernating,Medium Risk
CUST-0122,171,3,417.76,2024-07-14,2,2,2,222,6,Hibernating,Medium Risk
CUST-0163,188,4,410.26,2024-06-27,2,2,2,222,6,Hibernating,Medium Risk
CUST-0670,128,3,408.75,2024-08-26,2,2,2,222,6,Hibernating,Medium Risk
CUST-0085,232,3,407.14,2024-05-14,2,2,2,222,6,Hibernating,Medium Risk
CUST-0831,204,2,402.86,2024-06-11,2,2,2,222,6,Hibernating,Medium Risk
CUST-0819,290,4,400.47,2024-03-17,1,3,2,132,6,Potential Loyalists,Medium Risk
CUST-0379,282,3,392.32,2024-03-25,2,2,2,222,6,Hibernating,Medium Risk
CUST-0560,351,4,392.26,2024-01-16,1,3,2,132,6,Potential Loyalists,Medium Risk
CUST-0375,308,4,386.56,2024-02-28,1,3,2,132,6,Potential Loyalists,Medium Risk
CUST-0445,81,2,380.42,2024-10-12,3,1,2,312,6,Potential Loyalists,Low Risk
CUST-0071,105,2,371.7,2024-09-18,3,1,2,312,6,Potential Loyalists,Low Risk
CUST-0781,217,2,365.96,2024-05-29,2,2,2,222,6,Hibernating,Medium Risk
CUST-0835,228,2,359.0,2024-05-18,2,2,2,222,6,Hibernating,Medium Risk
CUST-0148,161,4,358.06,2024-07-24,2,2,2,222,6,Hibernating,Medium Risk
CUST-0056,234,3,348.70000000000005,2024-05-12,2,2,2,222,6,Hibernating,Medium Risk
CUST-0859,323,4,347.29,2024-02-13,1,3,2,132,6,Potential Loyalists,Medium Risk
CUST-0323,126,3,346.46000000000004,2024-08-28,2,2,2,222,6,Hibernating,Medium Risk
CUST-0370,160,3,340.56,2024-07-25,2,2,2,222,6,Hibernating,Medium Risk
CUST-0799,472,4,336.18,2023-09-17,1,3,2,132,6,Potential Loyalists,Medium Risk
CUST-0297,70,2,329.53,2024-10-23,3,1,2,312,6,Potential Loyalists,Low Risk
CUST-0604,195,2,328.93,2024-06-20,2,2,2,222,6,Hibernating,Medium Risk
CUST-0151,165,3,327.45,2024-07-20,2,2,2,222,6,Hibernating,Medium Risk
CUST-0022,126,3,321.71,2024-08-28,2,2,2,222,6,Hibernating,Medium Risk
CUST-0869,166,2,312.44,2024-07-19,2,2,2,222,6,Hibernating,Medium Risk
CUST-0288,244,3,306.71,2024-05-02,2,2,2,222,6,Hibernating,Medium Risk
CUST-0384,258,3,299.62,2024-04-18,2,2,2,222,6,Hibernating,Medium Risk
CUST-0734,216,3,291.0,2024-05-30,2,2,2,222,6,Hibernating,Medium Risk
CUST-0075,266,3,283.84,2024-04-10,2,2,2,222,6,Hibernating,Medium Risk
CUST-0030,81,1,278.7,2024-10-12,3,1,2,312,6,Potential Loyalists,Low Risk
CUST-0047,100,2,273.7,2024-09-23,3,1,2,312,6,Potential Loyalists,Low Risk
CUST-0812,229,2,271.01,2024-05-17,2,2,2,222,6,Hibernating,Medium Risk
CUST-0487,121,3,257.86,2024-09-02,3,2,1,321,6,Potential Loyalists,Low Risk
CUST-0736,183,4,256.6,2024-07-02,2,3,1,231,6,Potential Loyalists,Medium Risk
CUST-0399,54,3,253.74,2024-11-08,3,2,1,321,6,Potential Loyalists,Low Risk
CUST-0476,12,2,251.83,2024-12-20,4,1,1,411,6,New Customers,Low Risk
CUST-0863,99,2,249.34,2024-09-24,3,2,1,321,6,Potential Loyalists,Low Risk
CUST-0369,33,2,247.07,2024-11-29,4,1,1,411,6,New Customers,Low Risk
CUST-0830,79,3,242.6,2024-10-14,3,2,1,321,6,Potential Loyalists,Low Risk
CUST-0118,124,3,236.25,2024-08-30,3,2,1,321,6,Potential Loyalists,Low Risk
CUST-0675,256,4,230.95,2024-04-20,2,3,1,231,6,Potential Loyalists,Medium Risk
CUST-0050,29,2,225.48,2024-12-03,4,1,1,411,6,New Customers,Low Risk
CUST-0816,28,1,218.95,2024-12-04,4,1,1,411,6,New Customers,Low Risk
CUST-0383,29,1,217.48,2024-12-03,4,1,1,411,6,New Customers,Low Risk
CUST-0412,13,2,217.15,2024-12-19,4,1,1,411,6,New Customers,Low Risk
CUST-0423,20,2,210.2,2024-12-12,4,1,1,411,6,New Customers,Low Risk
CUST-0671,124,3,202.75,2024-08-30,3,2,1,321,6,Potential Loyalists,Low Risk
CUST-0880,73,3,197.76,2024-10-20,3,2,1,321,6,Potential Loyalists,Low Risk
CUST-0294,24,2,193.04,2024-12-08,4,1,1,411,6,New Customers,Low Risk
CUST-0839,52,3,188.5,2024-11-10,3,2,1,321,6,Potential Loyalists,Low Risk
CUST-0167,57,4,186.11,2024-11-05,3,2,1,321,6,Potential Loyalists,Low Risk
CUST-0408,25,2,170.07,2024-12-07,4,1,1,411,6,New Customers,Low Risk
CUST-0629,62,2,150.39,2024-10-31,3,2,1,321,6,Potential Loyalists,Low Risk
CUST-0894,50,2,129.53,2024-11-12,3,2,1,321,6,Potential Loyalists,Low Risk
CUST-0693,116,2,114.93,2024-09-07,3,2,1,321,6,Potential Loyalists,Low Risk
CUST-0132,15,2,108.05,2024-12-17,4,1,1,411,6,New Customers,Low Risk
CUST-0733,95,2,99.37,2024-09-28,3,2,1,321,6,Potential Loyalists,Low Risk
CUST-0094,3,1,89.46,2024-12-29,4,1,1,411,6,New Customers,Low Risk
CUST-0466,574,2,691.8399999999999,2023-06-07,1,1,3,113,5,Potential Loyalists,High Risk
CUST-0416,315,2,645.02,2024-02-21,1,1,3,113,5,Potential Loyalists,High Risk
CUST-0742,420,1,589.33,2023-11-08,1,1,3,113,5,Potential Loyalists,High Risk
CUST-0258,327,2,520.69,2024-02-09,1,1,3,113,5,Potential Loyalists,High Risk
CUST-0618,463,2,514.99,2023-09-26,1,2,2,122,5,Hibernating,High Risk
CUST-0782,344,3,510.7,2024-01-23,1,2,2,122,5,Hibernating,Medium Risk
CUST-0623,582,3,502.59,2023-05-30,1,2,2,122,5,Hibernating,Medium Risk
CUST-0214,438,4,497.27,2023-10-21,1,2,2,122,5,Hibernating,Medium Risk
CUST-0106,397,4,492.83,2023-12-01,1,2,2,122,5,Hibernating,Medium Risk
CUST-0311,284,2,474.83,2024-03-23,2,1,2,212,5,Hibernating,Medium Risk
CUST-0336,571,3,447.0,2023-06-10,1,2,2,122,5,Hibernating,Medium Risk
CUST-0046,179,2,445.15,2024-07-06,2,1,2,212,5,Hibernating,Medium Risk
CUST-0261,328,4,439.36,2024-02-08,1,2,2,122,5,Hibernating,Medium Risk
CUST-0007,299,3,435.49,2024-03-08,1,2,2,122,5,Hibernating,Medium Risk
CUST-0895,509,3,422.73,2023-08-11,1,2,2,122,5,Hibernating,Medium Risk
CUST-0504,451,3,410.65,2023-10-08,1,2,2,122,5,Hibernating,Medium Risk
CUST-0562,470,3,409.34,2023-09-19,1,2,2,122,5,Hibernating,Medium Risk
CUST-0897,323,3,399.8,2024-02-13,1,2,2,122,5,Hibernating,Medium Risk
CUST-0057,663,3,385.19,2023-03-10,1,2,2,122,5,Hibernating,Medium Risk
CUST-0777,410,2,379.97,2023-11-18,1,2,2,122,5,Hibernating,High Risk
CUST-0638,290,2,376.0700000000001,2024-03-17,1,2,2,122,5,Hibernating,High Risk
CUST-0865,332,2,363.21,2024-02-04,1,2,2,122,5,Hibernating,High Risk
CUST-0232,269,2,356.45000000000005,2024-04-07,2,1,2,212,5,Hibernating,Medium Risk
CUST-0155,414,3,354.84000000000003,2023-11-14,1,2,2,122,5,Hibernating,Medium Risk
CUST-0183,472,3,352.65,2023-09-17,1,2,2,122,5,Hibernating,Medium Risk
CUST-0268,486,4,351.79,2023-09-03,1,2,2,122,5,Hibernating,Medium Risk
CUST-0043,177,2,338.79999999999995,2024-07-08,2,1,2,212,5,Hibernating,Medium Risk
CUST-0628,499,3,332.42,2023-08-21,1,2,2,122,5,Hibernating,Medium Risk
CUST-0267,320,4,328.57,2024-02-16,1,2,2,122,5,Hibernating,Medium Risk
CUST-0307,288,3,323.67,2024-03-19,1,2,2,122,5,Hibernating,Medium Risk
CUST-0882,398,2,318.56,2023-11-30,1,2,2,122,5,Hibernating,High Risk
CUST-0347,401,3,317.18,2023-11-27,1,2,2,122,5,Hibernating,Medium Risk
CUST-0437,133,2,316.59000000000003,2024-08-21,2,1,2,212,5,Hibernating,Medium Risk
CUST-0732,503,3,315.42999999999995,2023-08-17,1,2,2,122,5,Hibernating,Medium Risk
CUST-0786,364,3,312.59,2024-01-03,1,2,2,122,5,Hibernating,Medium Risk
CUST-0027,399,3,290.6,2023-11-29,1,2,2,122,5,Hibernating,Medium Risk
CUST-0658,360,2,289.88,2024-01-07,1,2,2,122,5,Hibernating,High Risk
CUST-0676,481,3,288.35,2023-09-08,1,2,2,122,5,Hibernating,Medium Risk
CUST-0860,309,3,287.89,2024-02-27,1,2,2,122,5,Hibernating,Medium Risk
CUST-0113,154,2,282.34000000000003,2024-07-31,2,1,2,212,5,Hibernating,Medium Risk
CUST-0058,373,3,281.03,2023-12-25,1,2,2,122,5,Hibernating,Medium Risk
CUST-0033,262,2,280.4,2024-04-14,2,1,2,212,5,Hibernating,Medium Risk
CUST-0409,217,2,276.51,2024-05-29,2,1,2,212,5,Hibernating,Medium Risk
CUST-0874,570,3,274.27,2023-06-11,1,2,2,122,5,Hibernating,Medium Risk
CUST-0680,444,3,272.94,2023-10-15,1,2,2,122,5,Hibernating,Medium Risk
CUST-0649,349,3,272.61,2024-01-18,1,2,2,122,5,Hibernating,Medium Risk
CUST-0246,272,2,267.86,2024-04-04,2,1,2,212,5,Hibernating,Medium Risk
CUST-0287,157,3,257.17,2024-07-28,2,2,1,221,5,Hibernating,Medium Risk
CUST-0748,227,2,249.33,2024-05-19,2,2,1,221,5,Hibernating,Medium Risk
CUST-0754,169,3,246.49,2024-07-16,2,2,1,221,5,Hibernating,Medium Risk
CUST-0695,278,3,224.7,2024-03-29,2,2,1,221,5,Hibernating,Medium Risk
CUST-0650,178,3,218.48,2024-07-07,2,2,1,221,5,Hibernating,Medium Risk
CUST-0209,212,3,218.34,2024-06-03,2,2,1,221,5,Hibernating,Medium Risk
CUST-0702,102,1,217.37,2024-09-21,3,1,1,311,5,Potential Loyalists,Low Risk
CUST-0700,282,2,210.26,2024-03-25,2,2,1,221,5,Hibernating,Medium Risk
CUST-0711,227,2,208.81,2024-05-19,2,2,1,221,5,Hibernating,Medium Risk
CUST-0668,145,3,196.89,2024-08-09,2,2,1,221,5,Hibernating,Medium Risk
CUST-0873,185,2,179.76,2024-06-30,2,2,1,221,5,Hibernating,Medium Risk
CUST-0358,115,2,171.05,2024-09-08,3,1,1,311,5,Potential Loyalists,Low Risk
CUST-0701,166,2,167.14,2024-07-19,2,2,1,221,5,Hibernating,Medium Risk
CUST-0150,80,2,166.82,2024-10-13,3,1,1,311,5,Potential Loyalists,Low Risk
CUST-0079,79,1,166.81,2024-10-14,3,1,1,311,5,Potential Loyalists,Low Risk
CUST-0111,51,2,160.15,2024-11-11,3,1,1,311,5,Potential Loyalists,Low Risk
CUST-0099,83,1,157.35,2024-10-10,3,1,1,311,5,Potential Loyalists,Low Risk
CUST-0579,71,2,150.91,2024-10-22,3,1,1,311,5,Potential Loyalists,Low Risk
CUST-0605,245,2,143.91,2024-05-01,2,2,1,221,5,Hibernating,Medium Risk
CUST-0870,282,2,142.3,2024-03-25,2,2,1,221,5,Hibernating,Medium Risk
CUST-0656,164,2,140.82999999999998,2024-07-21,2,2,1,221,5,Hibernating,Medium Risk
CUST-0533,68,1,140.44,2024-10-25,3,1,1,311,5,Potential Loyalists,Low Risk
CUST-0015,55,2,131.83,2024-11-07,3,1,1,311,5,Potential Loyalists,Low Risk
CUST-0878,134,2,128.61,2024-08-20,2,2,1,221,5,Hibernating,Medium Risk
CUST-0801,145,2,119.5,2024-08-09,2,2,1,221,5,Hibernating,Medium Risk
CUST-0868,277,2,114.36,2024-03-30,2,2,1,221,5,Hibernating,Medium Risk
CUST-0064,78,2,101.48,2024-10-15,3,1,1,311,5,Potential Loyalists,Low Risk
CUST-0454,91,2,97.86,2024-10-02,3,1,1,311,5,Potential Loyalists,Low Risk
CUST-0855,75,1,92.45,2024-10-18,3,1,1,311,5,Potential Loyalists,Low Risk
CUST-0760,163,2,70.53999999999999,2024-07-22,2,2,1,221,5,Hibernating,Medium Risk
CUST-0885,47,1,68.04,2024-11-15,3,1,1,311,5,Potential Loyalists,Low Risk
CUST-0654,123,1,62.62,2024-08-31,3,1,1,311,5,Potential Loyalists,Low Risk
CUST-0608,80,1,59.85,2024-10-13,3,1,1,311,5,Potential Loyalists,Low Risk
CUST-0667,114,1,39.87,2024-09-09,3,1,1,311,5,Potential Loyalists,Low Risk
CUST-0496,478,2,509.55,2023-09-11,1,1,2,112,4,Hibernating,High Risk
CUST-0301,291,2,509.18,2024-03-16,1,1,2,112,4,Hibernating,High Risk
CUST-0421,501,2,496.88,2023-08-19,1,1,2,112,4,Hibernating,High Risk
CUST-0415,517,2,482.35,2023-08-03,1,1,2,112,4,Hibernating,High Risk
CUST-0417,314,2,442.78,2024-02-22,1,1,2,112,4,Hibernating,High Risk
CUST-0208,490,2,436.27,2023-08-30,1,1,2,112,4,Hibernating,High Risk
CUST-0042,576,2,427.52,2023-06-05,1,1,2,112,4,Hibernating,High Risk
CUST-0367,312,1,418.29,2024-02-24,1,1,2,112,4,Hibernating,High Risk
CUST-0444,420,2,414.98,2023-11-08,1,1,2,112,4,Hibernating,High Risk
CUST-0438,693,2,411.63,2023-02-08,1,1,2,112,4,Hibernating,High Risk
CUST-0522,608,1,407.82,2023-05-04,1,1,2,112,4,Hibernating,High Risk
CUST-0692,601,1,407.45,2023-05-11,1,1,2,112,4,Hibernating,High Risk
CUST-0471,300,2,405.18,2024-03-07,1,1,2,112,4,Hibernating,High Risk
CUST-0269,454,2,404.25,2023-10-05,1,1,2,112,4,Hibernating,High Risk
CUST-0847,729,1,381.11,2023-01-03,1,1,2,112,4,Hibernating,High Risk
CUST-0224,674,2,360.55,2023-02-27,1,1,2,112,4,Hibernating,High Risk
CUST-0805,549,1,348.06,2023-07-02,1,1,2,112,4,Hibernating,High Risk
CUST-0147,348,2,338.53,2024-01-19,1,1,2,112,4,Hibernating,High Risk
CUST-0589,458,2,332.44,2023-10-01,1,1,2,112,4,Hibernating,High Risk
CUST-0339,407,1,306.23,2023-11-21,1,1,2,112,4,Hibernating,High Risk
CUST-0104,373,2,297.79,2023-12-25,1,1,2,112,4,Hibernating,High Risk
CUST-0446,476,2,294.74,2023-09-13,1,1,2,112,4,Hibernating,High Risk
CUST-0557,296,2,284.97,2024-03-11,1,1,2,112,4,Hibernating,High Risk
CUST-0037,641,1,266.21,2023-04-01,1,1,2,112,4,Hibernating,High Risk
CUST-0730,360,2,263.01,2024-01-07,1,2,1,121,4,Hibernating,High Risk
CUST-0364,483,3,262.63,2023-09-06,1,2,1,121,4,Hibernating,Medium Risk
CUST-0302,334,3,258.86,2024-02-02,1,2,1,121,4,Hibernating,Medium Risk
CUST-0764,247,1,257.66,2024-04-29,2,1,1,211,4,Hibernating,Medium Risk
CUST-0631,421,2,249.91,2023-11-07,1,2,1,121,4,Hibernating,High Risk
CUST-0257,217,2,246.92,2024-05-29,2,1,1,211,4,Hibernating,Medium Risk
CUST-0717,191,1,244.39,2024-06-24,2,1,1,211,4,Hibernating,Medium Risk
CUST-0866,356,3,242.44,2024-01-11,1,2,1,121,4,Hibernating,Medium Risk
CUST-0135,135,2,240.13,2024-08-19,2,1,1,211,4,Hibernating,Medium Risk
CUST-0539,180,1,238.55,2024-07-05,2,1,1,211,4,Hibernating,Medium Risk
CUST-0388,200,2,238.48,2024-06-15,2,1,1,211,4,Hibernating,Medium Risk
CUST-0401,248,2,237.77,2024-04-28,2,1,1,211,4,Hibernating,Medium Risk
CUST-0584,129,2,234.22,2024-08-25,2,1,1,211,4,Hibernating,Medium Risk
CUST-0308,188,1,227.08,2024-06-27,2,1,1,211,4,Hibernating,Medium Risk
CUST-0321,163,2,218.98,2024-07-22,2,1,1,211,4,Hibernating,Medium Risk
CUST-0578,251,1,213.79,2024-04-25,2,1,1,211,4,Hibernating,Medium Risk
CUST-0490,293,3,211.0,2024-03-14,1,2,1,121,4,Hibernating,Medium Risk
CUST-0194,207,2,206.14,2024-06-08,2,1,1,211,4,Hibernating,Medium Risk
CUST-0361,169,2,204.3,2024-07-16,2,1,1,211,4,Hibernating,Medium Risk
CUST-0694,289,2,203.31,2024-03-18,1,2,1,121,4,Hibernating,High Risk
CUST-0170,215,1,198.18,2024-05-31,2,1,1,211,4,Hibernating,Medium Risk
CUST-0198,411,3,196.57,2023-11-17,1,2,1,121,4,Hibernating,Medium Risk
CUST-0482,221,2,196.46,2024-05-25,2,1,1,211,4,Hibernating,Medium Risk
CUST-0156,176,1,195.69,2024-07-09,2,1,1,211,4,Hibernating,Medium Risk
CUST-0381,180,2,191.31,2024-07-05,2,1,1,211,4,Hibernating,Medium Risk
CUST-0581,207,1,189.47,2024-06-08,2,1,1,211,4,Hibernating,Medium Risk
CUST-0776,229,1,187.88,2024-05-17,2,1,1,211,4,Hibernating,Medium Risk
CUST-0576,222,2,186.91,2024-05-24,2,1,1,211,4,Hibernating,Medium Risk
CUST-0843,473,2,186.13,2023-09-16,1,2,1,121,4,Hibernating,High Risk
CUST-0823,326,3,182.54,2024-02-10,1,2,1,121,4,Hibernating,Medium Risk
CUST-0773,390,3,173.34,2023-12-08,1,2,1,121,4,Hibernating,Medium Risk
CUST-0512,227,2,161.94,2024-05-19,2,1,1,211,4,Hibernating,Medium Risk
CUST-0077,126,2,159.92000000000002,2024-08-28,2,1,1,211,4,Hibernating,Medium Risk
CUST-0790,456,2,157.0,2023-10-03,1,2,1,121,4,Hibernating,High Risk
CUST-0275,166,1,155.31,2024-07-19,2,1,1,211,4,Hibernating,Medium Risk
CUST-0191,225,1,155.28,2024-05-21,2,1,1,211,4,Hibernating,Medium Risk
CUST-0195,225,1,155.17,2024-05-21,2,1,1,211,4,Hibernating,Medium Risk
CUST-0234,154,1,144.38,2024-07-31,2,1,1,211,4,Hibernating,Medium Risk
CUST-0837,401,2,134.32,2023-11-27,1,2,1,121,4,Hibernating,High Risk
CUST-0236,210,1,132.35,2024-06-05,2,1,1,211,4,Hibernating,Medium Risk
CUST-0722,636,2,128.27,2023-04-06,1,2,1,121,4,Hibernating,High Risk
CUST-0567,140,2,126.2,2024-08-14,2,1,1,211,4,Hibernating,Medium Risk
CUST-0817,421,2,123.04,2023-11-07,1,2,1,121,4,Hibernating,High Risk
CUST-0092,174,2,100.31,2024-07-11,2,1,1,211,4,Hibernating,Medium Risk
CUST-0622,339,2,93.51,2024-01-28,1,2,1,121,4,Hibernating,High Risk
CUST-0400,142,1,90.7,2024-08-12,2,1,1,211,4,Hibernating,Medium Risk
CUST-0420,186,1,76.17,2024-06-29,2,1,1,211,4,Hibernating,Medium Risk
CUST-0021,202,1,73.28,2024-06-13,2,1,1,211,4,Hibernating,Medium Risk
CUST-0024,163,1,48.88,2024-07-22,2,1,1,211,4,Hibernating,Medium Risk
CUST-0509,258,1,46.6,2024-04-18,2,1,1,211,4,Hibernating,Medium Risk
CUST-0338,263,1,46.26,2024-04-13,2,1,1,211,4,Hibernating,Medium Risk
CUST-0564,191,1,44.24,2024-06-24,2,1,1,211,4,Hibernating,Medium Risk
CUST-0091,182,1,36.07,2024-07-03,2,1,1,211,4,Hibernating,Medium Risk
CUST-0087,181,1,28.59,2024-07-04,2,1,1,211,4,Hibernating,Medium Risk
CUST-0526,674,1,261.01,2023-02-27,1,1,1,111,3,Hibernating,High Risk
CUST-0480,511,2,260.96000000000004,2023-08-09,1,1,1,111,3,Hibernating,High Risk
CUST-0549,554,2,258.66,2023-06-27,1,1,1,111,3,Hibernating,High Risk
CUST-0052,374,1,256.08,2023-12-24,1,1,1,111,3,Hibernating,High Risk
CUST-0365,537,2,253.02,2023-07-14,1,1,1,111,3,Hibernating,High Risk
CUST-0558,363,2,248.36,2024-01-04,1,1,1,111,3,Hibernating,High Risk
CUST-0014,394,2,247.1,2023-12-04,1,1,1,111,3,Hibernating,High Risk
CUST-0097,337,2,244.74,2024-01-30,1,1,1,111,3,Hibernating,High Risk
CUST-0096,416,2,231.89,2023-11-12,1,1,1,111,3,Hibernating,High Risk
CUST-0298,430,2,231.27,2023-10-29,1,1,1,111,3,Hibernating,High Risk
CUST-0601,384,1,230.49,2023-12-14,1,1,1,111,3,Hibernating,High Risk
CUST-0510,559,1,226.47,2023-06-22,1,1,1,111,3,Hibernating,High Risk
CUST-0359,449,1,225.71,2023-10-10,1,1,1,111,3,Hibernating,High Risk
CUST-0217,480,1,222.78,2023-09-09,1,1,1,111,3,Hibernating,High Risk
CUST-0642,629,1,218.73,2023-04-13,1,1,1,111,3,Hibernating,High Risk
CUST-0051,399,1,214.68,2023-11-29,1,1,1,111,3,Hibernating,High Risk
CUST-0762,296,1,209.44,2024-03-11,1,1,1,111,3,Hibernating,High Risk
CUST-0306,456,2,207.03,2023-10-03,1,1,1,111,3,Hibernating,High Risk
CUST-0436,550,2,202.1,2023-07-01,1,1,1,111,3,Hibernating,High Risk
CUST-0515,689,1,200.46,2023-02-12,1,1,1,111,3,Hibernating,High Risk
CUST-0771,660,1,198.78,2023-03-13,1,1,1,111,3,Hibernating,High Risk
CUST-0020,294,2,194.26,2024-03-13,1,1,1,111,3,Hibernating,High Risk
CUST-0467,394,1,191.83,2023-12-04,1,1,1,111,3,Hibernating,High Risk
CUST-0411,550,1,187.99,2023-07-01,1,1,1,111,3,Hibernating,High Risk
CUST-0746,353,1,182.6,2024-01-14,1,1,1,111,3,Hibernating,High Risk
CUST-0573,467,1,181.87,2023-09-22,1,1,1,111,3,Hibernating,High Risk
CUST-0073,638,1,172.23,2023-04-04,1,1,1,111,3,Hibernating,High Risk
CUST-0833,362,1,159.88,2024-01-05,1,1,1,111,3,Hibernating,High Risk
CUST-0282,320,2,156.66,2024-02-16,1,1,1,111,3,Hibernating,High Risk
CUST-0115,418,2,151.86,2023-11-10,1,1,1,111,3,Hibernating,High Risk
CUST-0171,625,1,150.83,2023-04-17,1,1,1,111,3,Hibernating,High Risk
CUST-0795,488,1,145.23,2023-09-01,1,1,1,111,3,Hibernating,High Risk
CUST-0218,442,2,144.08,2023-10-17,1,1,1,111,3,Hibernating,High Risk
CUST-0247,422,1,142.2,2023-11-06,1,1,1,111,3,Hibernating,High Risk
CUST-0363,493,1,133.06,2023-08-27,1,1,1,111,3,Hibernating,High Risk
CUST-0647,419,1,130.52,2023-11-09,1,1,1,111,3,Hibernating,High Risk
CUST-0891,571,1,122.31,2023-06-10,1,1,1,111,3,Hibernating,High Risk
CUST-0309,649,1,122.03,2023-03-24,1,1,1,111,3,Hibernating,High Risk
CUST-0574,434,1,120.56,2023-10-25,1,1,1,111,3,Hibernating,High Risk
CUST-0326,726,1,116.73,2023-01-06,1,1,1,111,3,Hibernating,High Risk
CUST-0450,517,1,110.33,2023-08-03,1,1,1,111,3,Hibernating,High Risk
CUST-0749,494,1,106.27,2023-08-26,1,1,1,111,3,Hibernating,High Risk
CUST-0505,580,1,106.24,2023-06-01,1,1,1,111,3,Hibernating,High Risk
CUST-0561,462,2,102.89,2023-09-27,1,1,1,111,3,Hibernating,High Risk
CUST-0018,288,1,99.45,2024-03-19,1,1,1,111,3,Hibernating,High Risk
CUST-0344,618,1,97.1,2023-04-24,1,1,1,111,3,Hibernating,High Risk
CUST-0103,448,1,96.44,2023-10-11,1,1,1,111,3,Hibernating,High Risk
CUST-0851,543,1,94.27,2023-07-08,1,1,1,111,3,Hibernating,High Risk
CUST-0565,569,1,93.61,2023-06-12,1,1,1,111,3,Hibernating,High Risk
CUST-0703,419,1,93.06,2023-11-09,1,1,1,111,3,Hibernating,High Risk
CUST-0432,622,1,89.83,2023-04-20,1,1,1,111,3,Hibernating,High Risk
CUST-0356,408,1,89.58,2023-11-20,1,1,1,111,3,Hibernating,High Risk
CUST-0648,456,1,86.7,2023-10-03,1,1,1,111,3,Hibernating,High Risk
CUST-0322,530,2,82.39,2023-07-21,1,1,1,111,3,Hibernating,High Risk
CUST-0161,467,1,78.4,2023-09-22,1,1,1,111,3,Hibernating,High Risk
CUST-0102,690,1,76.42,2023-02-11,1,1,1,111,3,Hibernating,High Risk
CUST-0783,441,1,73.07,2023-10-18,1,1,1,111,3,Hibernating,High Risk
CUST-0787,372,1,71.1,2023-12-26,1,1,1,111,3,Hibernating,High Risk
CUST-0555,714,1,70.62,2023-01-18,1,1,1,111,3,Hibernating,High Risk
CUST-0008,568,1,70.35,2023-06-13,1,1,1,111,3,Hibernating,High Risk
CUST-0131,476,1,69.48,2023-09-13,1,1,1,111,3,Hibernating,High Risk
CUST-0820,644,1,67.87,2023-03-29,1,1,1,111,3,Hibernating,High Risk
CUST-0222,309,1,62.48,2024-02-27,1,1,1,111,3,Hibernating,High Risk
CUST-0448,569,1,60.83,2023-06-12,1,1,1,111,3,Hibernating,High Risk
CUST-0529,525,1,57.57,2023-07-26,1,1,1,111,3,Hibernating,High Risk
CUST-0877,452,1,56.43,2023-10-07,1,1,1,111,3,Hibernating,High Risk
CUST-0418,534,1,56.4,2023-07-17,1,1,1,111,3,Hibernating,High Risk
CUST-0376,439,1,55.77,2023-10-20,1,1,1,111,3,Hibernating,High Risk
CUST-0724,450,1,54.12,2023-10-09,1,1,1,111,3,Hibernating,High Risk
CUST-0596,556,1,53.86,2023-06-25,1,1,1,111,3,Hibernating,High Risk
CUST-0053,295,1,51.35,2024-03-12,1,1,1,111,3,Hibernating,High Risk
CUST-0374,618,1,50.62,2023-04-24,1,1,1,111,3,Hibernating,High Risk
CUST-0688,383,1,49.99,2023-12-15,1,1,1,111,3,Hibernating,High Risk
CUST-0402,584,1,44.59,2023-05-28,1,1,1,111,3,Hibernating,High Risk
CUST-0713,712,1,43.67,2023-01-20,1,1,1,111,3,Hibernating,High Risk
CUST-0116,632,1,39.36,2023-04-10,1,1,1,111,3,Hibernating,High Risk
CUST-0517,361,1,38.67,2024-01-06,1,1,1,111,3,Hibernating,High Risk
CUST-0281,710,1,37.14,2023-01-22,1,1,1,111,3,Hibernating,High Risk
CUST-0235,324,1,36.88,2024-02-12,1,1,1,111,3,Hibernating,High Risk
CUST-0541,477,1,36.58,2023-09-12,1,1,1,111,3,Hibernating,High Risk
CUST-0836,561,1,36.32,2023-06-20,1,1,1,111,3,Hibernating,High Risk
CUST-0726,650,1,34.62,2023-03-23,1,1,1,111,3,Hibernating,High Risk
